status	path
SYNC	brandy/brandy-2.0/u-boot-bsp/configs/sun8iw22p1_t153_bga_mmc_defconfig
SYNC	brandy/brandy-2.0/u-boot-bsp/drivers/video/drm/sunxi_device/hardware/lowlevel_lcd/dsi_v1.c
SYNC	bsp/drivers/can/sunxi_can_plat.c
SYNC	bsp/drivers/mmc/sunxi-mmc.c
SYNC	bsp/drivers/net/wireless/aic8800/aic8800_bsp/aic_bsp_driver.c
SYNC	bsp/drivers/net/wireless/aic8800/aic8800_bsp/aic_bsp_txq_prealloc.c
SYNC	bsp/drivers/net/wireless/aic8800/aic8800_bsp/aic_bsp_txrxif.h
SYNC	bsp/drivers/net/wireless/aic8800/aic8800_bsp/aicsdio.c
SYNC	bsp/drivers/net/wireless/aic8800/aic8800_btlpm/aic8800_btlpm.c
SYNC	bsp/drivers/net/wireless/aic8800/aic8800_fdrv/Makefile
SYNC	bsp/drivers/net/wireless/aic8800/aic8800_fdrv/aicwf_tcp_ack.c
SYNC	bsp/drivers/net/wireless/aic8800/aic8800_fdrv/rwnx_main.c
SYNC	bsp/drivers/net/wireless/aic8800/aic8800_fdrv/rwnx_platform.c
SYNC	buildroot/buildroot-202205/configs/sun8iw22p1_t153_mmc_defconfig
SYNC	buildroot/buildroot-202205/dl/libmbim/libmbim-1.26.2.tar.gz
SYNC	buildroot/buildroot-202205/dl/libqmi/libqmi-1.30.4.tar.gz
SYNC	buildroot/buildroot-202205/dl/libubox/libubox-d716ac4bc4236031d4c3cc1ed362b502e20e3787-br1.tar.gz
SYNC	buildroot/buildroot-202205/dl/modem-manager/ModemManager-1.18.6.tar.xz
SYNC	buildroot/buildroot-202205/dl/pppd/pppd-2.4.9.tar.gz
SYNC	buildroot/buildroot-202205/dl/uqmi/uqmi-0a19b5b77140465c29e2afa7d611fe93abc9672f-br1.tar.gz
SYNC	buildroot/buildroot-202205/dl/usb_modeswitch/usb-modeswitch-2.6.1.tar.bz2
SYNC	buildroot/buildroot-202205/dl/usb_modeswitch_data/usb-modeswitch-data-20191128.tar.bz2
SYNC	buildroot/buildroot-202205/package/bluez-alsa/bluez-alsa.mk
SYNC	buildroot/buildroot-202205/package/omnigate-ethercat/Config.in
SYNC	buildroot/buildroot-202205/package/omnigate-ethercat/omnigate-ethercat.c
SYNC	buildroot/buildroot-202205/package/omnigate-ethercat/omnigate-ethercat.mk
SYNC	buildroot/buildroot-202205/package/python-jsonpath-rw/Config.in
SYNC	buildroot/buildroot-202205/package/python-jsonpath-rw/python-jsonpath-rw.hash
SYNC	buildroot/buildroot-202205/package/python-jsonpath-rw/python-jsonpath-rw.mk
SYNC	buildroot/buildroot-202205/package/soem/0001-support-buildroot-cmake-3.18.patch
SYNC	buildroot/buildroot-202205/package/soem/Config.in
SYNC	buildroot/buildroot-202205/package/soem/soem.hash
SYNC	buildroot/buildroot-202205/package/soem/soem.mk
SYNC	buildroot/buildroot-202205/package/thingsboard-gateway/0001-embedded-disable-runtime-package-installs.patch
SYNC	buildroot/buildroot-202205/package/thingsboard-gateway/Config.in
SYNC	buildroot/buildroot-202205/package/thingsboard-gateway/S70thingsboard-gateway
SYNC	buildroot/buildroot-202205/package/thingsboard-gateway/thingsboard-gateway
SYNC	buildroot/buildroot-202205/package/thingsboard-gateway/thingsboard-gateway.default
SYNC	buildroot/buildroot-202205/package/thingsboard-gateway/thingsboard-gateway.hash
SYNC	buildroot/buildroot-202205/package/thingsboard-gateway/thingsboard-gateway.mk
SYNC	device/config/chips/t153/bin/amp_rv0.bin
SYNC	device/config/chips/t153/bin/u-boot-dtb.fex
SYNC	device/config/chips/t153/bin/u-boot-nodtb.fex
SYNC	device/config/chips/t153/boot-resource/boot-resource/bootlogo.bmp
SYNC	device/config/chips/t153/configs/omnigate/BoardConfig.mk
SYNC	device/config/chips/t153/configs/omnigate/board.dts
SYNC	device/config/chips/t153/configs/omnigate/buildroot/BoardConfig.mk
SYNC	device/config/chips/t153/configs/omnigate/buildroot/env.cfg
SYNC	device/config/chips/t153/configs/omnigate/buildroot/overlay/etc/asound.conf
SYNC	device/config/chips/t153/configs/omnigate/buildroot/overlay/etc/bluetooth/bt-speaker.conf
SYNC	device/config/chips/t153/configs/omnigate/buildroot/overlay/etc/default/can
SYNC	device/config/chips/t153/configs/omnigate/buildroot/overlay/etc/default/ledctl
SYNC	device/config/chips/t153/configs/omnigate/buildroot/overlay/etc/default/omnigate-web
SYNC	device/config/chips/t153/configs/omnigate/buildroot/overlay/etc/ethercat/soem.conf
SYNC	device/config/chips/t153/configs/omnigate/buildroot/overlay/etc/init.d/S21tfcard-hotplug
SYNC	device/config/chips/t153/configs/omnigate/buildroot/overlay/etc/init.d/S35audio
SYNC	device/config/chips/t153/configs/omnigate/buildroot/overlay/etc/init.d/S40network
SYNC	device/config/chips/t153/configs/omnigate/buildroot/overlay/etc/init.d/S42can
SYNC	device/config/chips/t153/configs/omnigate/buildroot/overlay/etc/init.d/S45aic8800-bluetooth
SYNC	device/config/chips/t153/configs/omnigate/buildroot/overlay/etc/init.d/S46omnigate-wifi
SYNC	device/config/chips/t153/configs/omnigate/buildroot/overlay/etc/init.d/S47ledctl
SYNC	device/config/chips/t153/configs/omnigate/buildroot/overlay/etc/init.d/S50adb_start
SYNC	device/config/chips/t153/configs/omnigate/buildroot/overlay/etc/init.d/S69industrial-interfaces
SYNC	device/config/chips/t153/configs/omnigate/buildroot/overlay/etc/init.d/S71omnigate-web
SYNC	device/config/chips/t153/configs/omnigate/buildroot/overlay/etc/network/interfaces
SYNC	device/config/chips/t153/configs/omnigate/buildroot/overlay/etc/omnigate-web/config.json
SYNC	device/config/chips/t153/configs/omnigate/buildroot/overlay/etc/thingsboard-gateway/config/can0.json
SYNC	device/config/chips/t153/configs/omnigate/buildroot/overlay/etc/thingsboard-gateway/config/can1.json
SYNC	device/config/chips/t153/configs/omnigate/buildroot/overlay/etc/thingsboard-gateway/config/logs.json
SYNC	device/config/chips/t153/configs/omnigate/buildroot/overlay/etc/thingsboard-gateway/config/modbus.json
SYNC	device/config/chips/t153/configs/omnigate/buildroot/overlay/etc/thingsboard-gateway/config/tb_gateway.json
SYNC	device/config/chips/t153/configs/omnigate/buildroot/overlay/usr/bin/bt-speaker
SYNC	device/config/chips/t153/configs/omnigate/buildroot/overlay/usr/bin/ledctl
SYNC	device/config/chips/t153/configs/omnigate/buildroot/overlay/usr/bin/omnigate-can
SYNC	device/config/chips/t153/configs/omnigate/buildroot/overlay/usr/bin/soem-run
SYNC	device/config/chips/t153/configs/omnigate/buildroot/overlay/usr/bin/soem-scan
SYNC	device/config/chips/t153/configs/omnigate/buildroot/overlay/usr/bin/tfcard-hotplug
SYNC	device/config/chips/t153/configs/omnigate/buildroot/overlay/usr/lib/omnigate-web/app.py
SYNC	device/config/chips/t153/configs/omnigate/buildroot/overlay/usr/share/omnigate-web/index.html
SYNC	device/config/chips/t153/configs/omnigate/buildroot/swupdate/sw-description-ab-emmc
SYNC	device/config/chips/t153/configs/omnigate/buildroot/swupdate/sw-subimgs-ab-emmc.cfg
SYNC	device/config/chips/t153/configs/omnigate/buildroot/sys_partition.fex
SYNC	device/config/chips/t153/configs/omnigate/dtbo/dtboimg.cfg
SYNC	device/config/chips/t153/configs/omnigate/dtbo/dtco
SYNC	device/config/chips/t153/configs/omnigate/dtbo/mkdtimg
SYNC	device/config/chips/t153/configs/omnigate/dtbo/sunxi_board0.dtbo
SYNC	device/config/chips/t153/configs/omnigate/dtbo/sunxi_board0.dts
SYNC	device/config/chips/t153/configs/omnigate/dtbo/sunxi_board1.dtbo
SYNC	device/config/chips/t153/configs/omnigate/dtbo/sunxi_board1.dts
SYNC	device/config/chips/t153/configs/omnigate/dtbo/sunxi_board2.dtbo
SYNC	device/config/chips/t153/configs/omnigate/dtbo/sunxi_board2.dts
SYNC	device/config/chips/t153/configs/omnigate/linux-5.10-origin/board.dts
SYNC	device/config/chips/t153/configs/omnigate/linux-5.10-origin/bsp_defconfig
SYNC	device/config/chips/t153/configs/omnigate/linux-5.10-origin/buildroot_linux_defconfig
SYNC	device/config/chips/t153/configs/omnigate/linux-5.10-rt/board.dts
SYNC	device/config/chips/t153/configs/omnigate/linux-5.10-rt/bsp_defconfig
SYNC	device/config/chips/t153/configs/omnigate/linux-5.10-rt/buildroot_linux_defconfig
SYNC	device/config/chips/t153/configs/omnigate/sys_config.fex
SYNC	device/config/chips/t153/configs/omnigate/sys_partition.fex
SYNC	device/config/chips/t153/configs/omnigate/uboot-board.dts
SYNC	platform/allwinner/wireless/firmware/aic8800/sdio/aic8800d80/aic_userconfig_8800d80.txt
SYNC	platform/allwinner/wireless/firmware/aic8800/sdio/aic8800d80/fmacfw_8800d80_u02.bin
SYNC	platform/allwinner/wireless/firmware/aic8800/sdio/aic8800d80/fw_adid_8800d80_u02.bin
SYNC	platform/allwinner/wireless/firmware/aic8800/sdio/aic8800d80/fw_patch_8800d80_u02.bin
SYNC	platform/allwinner/wireless/firmware/aic8800/sdio/aic8800d80/fw_patch_table_8800d80_u02.bin
SYNC	platform/allwinner/wireless/firmware/aic8800/sdio/aic8800d80/lmacfw_rf_8800d80_u02.bin
PKG	skills/serial-agent-daemon/SKILL.md
PKG	skills/system-sdk-ai-default/SKILL.md
PKG	skills/t153-c906-heterogeneous-dev/SKILL.md
PKG	skills/t153-flash-serial-debug/SKILL.md
PKG	skills/t153-lvgl-ui-demo-dev/SKILL.md
PKG	tools/OpenixCLI/.trae/skills/openixcli-install-build/SKILL.md
PKG	tools/OpenixCLI/LICENSE
PKG	tools/OpenixCLI/README.md
PKG	tools/OpenixCLI/openixcli
PKG	tools/OpenixCLI/openixcli-v0.1.9-x86_64-unknown-linux-gnu.deb
PKG	tools/OpenixCLI/openixcli.desktop
PKG	tools/serial_agent/README.md
PKG	tools/serial_agent/README_AGENT_DAEMON.md
PKG	tools/serial_agent/auto_flash_verify.py
PKG	tools/serial_agent/crewai_tools.py
PKG	tools/serial_agent/example_crewai_agent.py
PKG	tools/serial_agent/example_langchain_agent.py
PKG	tools/serial_agent/langchain_tools.py
PKG	tools/serial_agent/requirements.txt
PKG	tools/serial_agent/serial_agent_client.py
PKG	tools/serial_agent/serial_agent_daemon.py
PKG	tools/serial_agent/serial_core.py
PKG	tools/serial_agent/serial_pexpect.py
PKG	tools/serial_agent/trae_serial_terminal.py
PKG	tools/serial_agent/trae_serial_terminal_go
